{
  "version": "2.2.0",
  "visualisation": {
    "nodes": [
      {
        "id": "n:1",
        "position": {
          "x": -0.3333333333333333,
          "y": -1.3333333333333333
        }
      },
      {
        "id": "n:2",
        "position": {
          "x": -65.84727812881164,
          "y": 180.58920802365338
        }
      }
    ]
  },
  "dataModel": {
    "version": "2.2.0",
    "graphSchemaRepresentation": {
      "version": "1.0.0",
      "graphSchema": {
        "nodeLabels": [
          {
            "$id": "nl:1",
            "token": "Person",
            "properties": [
              {
                "$id": "p:1",
                "token": "id",
                "type": {
                  "type": "string"
                },
                "nullable": true
              },
              {
                "$id": "p:2",
                "token": "first_name",
                "type": {
                  "type": "string"
                },
                "nullable": true
              },
              {
                "$id": "p:3",
                "token": "last_name",
                "type": {
                  "type": "string"
                },
                "nullable": true
              },
              {
                "$id": "p:4",
                "token": "email",
                "type": {
                  "type": "string"
                },
                "nullable": true
              },
              {
                "$id": "p:5",
                "token": "ip_address",
                "type": {
                  "type": "string"
                },
                "nullable": true
              },
              {
                "$id": "p:6",
                "token": "iban",
                "type": {
                  "type": "string"
                },
                "nullable": true
              },
              {
                "$id": "p:7",
                "token": "siret",
                "type": {
                  "type": "string"
                },
                "nullable": true
              },
              {
                "$id": "p:8",
                "token": "city",
                "type": {
                  "type": "string"
                },
                "nullable": true
              },
              {
                "$id": "p:9",
                "token": "latitude",
                "type": {
                  "type": "float"
                },
                "nullable": true
              },
              {
                "$id": "p:10",
                "token": "longitude",
                "type": {
                  "type": "float"
                },
                "nullable": true
              },
              {
                "$id": "p:11",
                "token": "country",
                "type": {
                  "type": "string"
                },
                "nullable": true
              }
            ]
          },
          {
            "$id": "nl:2",
            "token": "ElementFacturable",
            "properties": [
              {
                "$id": "p:12",
                "token": "id",
                "type": {
                  "type": "string"
                },
                "nullable": true
              },
              {
                "$id": "p:13",
                "token": "profession",
                "type": {
                  "type": "string"
                },
                "nullable": true
              },
              {
                "$id": "p:14",
                "token": "soin_ou_medicament",
                "type": {
                  "type": "string"
                },
                "nullable": true
              },
              {
                "$id": "p:15",
                "token": "prix",
                "type": {
                  "type": "integer"
                },
                "nullable": true
              },
              {
                "$id": "p:16",
                "token": "frequence",
                "type": {
                  "type": "integer"
                },
                "nullable": true
              },
              {
                "$id": "p:17",
                "token": "soins_associes",
                "type": {
                  "type": "string"
                },
                "nullable": true
              },
              {
                "$id": "p:18",
                "token": "association_surprenante",
                "type": {
                  "type": "string"
                },
                "nullable": true
              }
            ]
          }
        ],
        "relationshipTypes": [],
        "nodeObjectTypes": [
          {
            "$id": "n:1",
            "labels": [
              {
                "$ref": "#nl:1"
              }
            ]
          },
          {
            "$id": "n:2",
            "labels": [
              {
                "$ref": "#nl:2"
              }
            ]
          }
        ],
        "relationshipObjectTypes": [],
        "constraints": [
          {
            "$id": "c:1",
            "name": "id_Person_uniq",
            "constraintType": "uniqueness",
            "entityType": "node",
            "nodeLabel": {
              "$ref": "#nl:1"
            },
            "properties": [
              {
                "$ref": "#p:1"
              }
            ]
          },
          {
            "$id": "c:2",
            "name": "id_ElementFacturable_uniq",
            "constraintType": "uniqueness",
            "entityType": "node",
            "nodeLabel": {
              "$ref": "#nl:2"
            },
            "properties": [
              {
                "$ref": "#p:12"
              }
            ]
          }
        ],
        "indexes": [
          {
            "$id": "i:1",
            "name": "id_Person_uniq",
            "indexType": "default",
            "entityType": "node",
            "nodeLabel": {
              "$ref": "#nl:1"
            },
            "properties": [
              {
                "$ref": "#p:1"
              }
            ]
          },
          {
            "$id": "i:2",
            "name": "id_ElementFacturable_uniq",
            "indexType": "default",
            "entityType": "node",
            "nodeLabel": {
              "$ref": "#nl:2"
            },
            "properties": [
              {
                "$ref": "#p:12"
              }
            ]
          }
        ]
      }
    },
    "graphSchemaExtensionsRepresentation": {
      "nodeKeyProperties": [
        {
          "node": {
            "$ref": "#n:1"
          },
          "keyProperty": {
            "$ref": "#p:1"
          }
        },
        {
          "node": {
            "$ref": "#n:2"
          },
          "keyProperty": {
            "$ref": "#p:12"
          }
        }
      ]
    },
    "graphMappingRepresentation": {
      "dataSourceSchema": {
        "type": "local",
        "tableSchemas": [
          {
            "name": "persons.csv",
            "expanded": true,
            "fields": [
              {
                "name": "id",
                "type": "string",
                "sample": "d38fd0c3-153f-40a9-ad3f-430c06578630",
                "include": true
              },
              {
                "name": "first_name",
                "type": "string",
                "sample": "Willabella",
                "include": true
              },
              {
                "name": "last_name",
                "type": "string",
                "sample": "Dashkov",
                "include": true
              },
              {
                "name": "email",
                "type": "string",
                "sample": "wdashkov0@amazon.de",
                "include": true
              },
              {
                "name": "ip_address",
                "type": "string",
                "sample": "11.174.236.238",
                "include": true
              },
              {
                "name": "iban",
                "type": "string",
                "sample": "FR0306FCXDD7EU0ASS28G043Z1J",
                "include": true
              },
              {
                "name": "siret",
                "type": "integer",
                "sample": "62995901132714",
                "include": true
              },
              {
                "name": "city",
                "type": "string",
                "sample": "Chenôve",
                "include": true
              },
              {
                "name": "latitude",
                "type": "float",
                "sample": "47.2876246",
                "include": true
              },
              {
                "name": "longitude",
                "type": "float",
                "sample": "5.0131814",
                "include": true
              },
              {
                "name": "country",
                "type": "string",
                "sample": "France",
                "include": true
              }
            ]
          },
          {
            "name": "prestas.csv",
            "expanded": true,
            "fields": [
              {
                "name": "id",
                "type": "integer",
                "sample": "1",
                "include": true
              },
              {
                "name": "profession",
                "type": "string",
                "sample": "dentisterie",
                "include": true
              },
              {
                "name": "soin_ou_medicament",
                "type": "string",
                "sample": "Consultation standard",
                "include": true
              },
              {
                "name": "prix",
                "type": "integer",
                "sample": "23",
                "include": true
              },
              {
                "name": "frequence",
                "type": "integer",
                "sample": "100",
                "include": true
              },
              {
                "name": "soins_associes",
                "type": "string",
                "sample": "2,3,8",
                "include": true
              },
              {
                "name": "association_surprenante",
                "type": "string",
                "sample": "",
                "include": true
              }
            ]
          }
        ]
      },
      "nodeMappings": [
        {
          "node": {
            "$ref": "#n:1"
          },
          "tableName": "persons.csv",
          "propertyMappings": [
            {
              "fieldName": "id",
              "property": {
                "$ref": "#p:1"
              }
            },
            {
              "fieldName": "first_name",
              "property": {
                "$ref": "#p:2"
              }
            },
            {
              "fieldName": "last_name",
              "property": {
                "$ref": "#p:3"
              }
            },
            {
              "fieldName": "email",
              "property": {
                "$ref": "#p:4"
              }
            },
            {
              "fieldName": "ip_address",
              "property": {
                "$ref": "#p:5"
              }
            },
            {
              "fieldName": "iban",
              "property": {
                "$ref": "#p:6"
              }
            },
            {
              "fieldName": "siret",
              "property": {
                "$ref": "#p:7"
              }
            },
            {
              "fieldName": "city",
              "property": {
                "$ref": "#p:8"
              }
            },
            {
              "fieldName": "latitude",
              "property": {
                "$ref": "#p:9"
              }
            },
            {
              "fieldName": "longitude",
              "property": {
                "$ref": "#p:10"
              }
            },
            {
              "fieldName": "country",
              "property": {
                "$ref": "#p:11"
              }
            }
          ]
        },
        {
          "node": {
            "$ref": "#n:2"
          },
          "tableName": "prestas.csv",
          "propertyMappings": [
            {
              "fieldName": "id",
              "property": {
                "$ref": "#p:12"
              }
            },
            {
              "fieldName": "profession",
              "property": {
                "$ref": "#p:13"
              }
            },
            {
              "fieldName": "soin_ou_medicament",
              "property": {
                "$ref": "#p:14"
              }
            },
            {
              "fieldName": "prix",
              "property": {
                "$ref": "#p:15"
              }
            },
            {
              "fieldName": "frequence",
              "property": {
                "$ref": "#p:16"
              }
            },
            {
              "fieldName": "soins_associes",
              "property": {
                "$ref": "#p:17"
              }
            },
            {
              "fieldName": "association_surprenante",
              "property": {
                "$ref": "#p:18"
              }
            }
          ]
        }
      ],
      "relationshipMappings": []
    },
    "configurations": {
      "idsToIgnore": []
    }
  }
}